{
  "eye": {
    "orientation": [
      0.10681132972240448,
      -0.04675193503499031,
      0.014418617822229862,
      0.993074893951416
    ],
    "magnitude": 1,
    "position": [
      539.0323486328125,
      121.04302978515625,
      1391.3768310546875
    ]
  },
  "radius": 793.2212524414062,
  "type": "PERSPECTIVE"
}